"","name","ID","season","fights","games","ratio"
"1","NHL",1,1952,47,210,0.223809523809524
"2","NHL",1,1955,42,210,0.2
"3","NHL",1,1958,55,210,0.261904761904762
"4","NHL",1,1960,46,210,0.219047619047619
"5","NHL",1,1961,39,210,0.185714285714286
"6","NHL",1,1962,53,210,0.252380952380952
"7","NHL",1,1963,90,210,0.428571428571429
"8","NHL",1,1964,59,210,0.280952380952381
"9","NHL",1,1965,64,210,0.304761904761905
"10","NHL",1,1966,56,210,0.266666666666667
"11","NHL",1,1967,109,444,0.245495495495495
"12","NHL",1,1968,150,456,0.328947368421053
"13","NHL",1,1969,187,456,0.410087719298246
"14","NHL",1,1970,343,546,0.628205128205128
"15","NHL",1,1971,236,546,0.432234432234432
"16","NHL",1,1972,279,624,0.447115384615385
"17","NHL",1,1973,297,624,0.475961538461538
"18","NHL",1,1974,360,720,0.5
"19","NHL",1,1975,395,720,0.548611111111111
"20","NHL",1,1976,432,720,0.6
"21","NHL",1,1977,545,720,0.756944444444444
"22","NHL",1,1978,550,680,0.808823529411765
"23","NHL",1,1979,699,840,0.832142857142857
"24","NHL",1,1980,753,840,0.896428571428571
"25","NHL",1,1981,775,840,0.922619047619048
"26","NHL",1,1982,655,840,0.779761904761905
"27","NHL",1,1983,803,840,0.955952380952381
"28","NHL",1,1984,887,840,1.05595238095238
"29","NHL",1,1985,957,840,1.13928571428571
"30","NHL",1,1986,984,840,1.17142857142857
"31","NHL",1,1987,1093,840,1.30119047619048
"32","NHL",1,1988,913,840,1.08690476190476
"33","NHL",1,1989,903,840,1.075
"34","NHL",1,1990,893,840,1.06309523809524
"35","NHL",1,1991,921,880,1.04659090909091
"36","NHL",1,1992,723,1008,0.717261904761905
"37","NHL",1,1993,941,1092,0.861721611721612
"38","NHL",1,1994,560,624,0.897435897435897
"39","NHL",1,1995,865,1066,0.811444652908068
"40","NHL",1,1996,1011,1066,0.948405253283302
"41","NHL",1,1997,947,1066,0.888367729831144
"42","NHL",1,1998,738,1107,0.666666666666667
"43","NHL",1,1999,665,1148,0.579268292682927
"44","NHL",1,2000,754,1230,0.613008130081301
"45","NHL",1,2001,865,1230,0.703252032520325
"46","NHL",1,2002,711,1230,0.578048780487805
"47","NHL",1,2003,869,1230,0.70650406504065
"48","NHL",1,2005,509,1231,0.413484971567831
"49","NHL",1,2006,538,1230,0.43739837398374
"50","NHL",1,2007,732,1230,0.595121951219512
"51","NHL",1,2008,805,1230,0.654471544715447
"52","NHL",1,2009,789,1230,0.641463414634146
"53","NHL",1,2010,690,1230,0.560975609756098
"54","NHL",1,2011,601,1230,0.488617886178862
"55","NHL",1,2012,377,721,0.522884882108183
"56","NHL",1,2013,508,1231,0.412672623883022
"57","WHA",14,1972,179,468,0.382478632478632
"58","WHA",14,1973,182,468,0.388888888888889
"59","WHA",14,1974,281,546,0.514652014652015
"60","WHA",14,1975,342,532,0.642857142857143
"61","WHA",14,1976,268,465,0.576344086021505
"62","WHA",14,1977,231,312,0.740384615384615
"63","WHA",14,1978,220,246,0.894308943089431
"64","AHL",3,1995,719,715,1.00559440559441
"65","AHL",3,1996,879,719,1.22253129346314
"66","AHL",3,1997,956,719,1.32962447844228
"67","AHL",3,1998,931,760,1.225
"68","AHL",3,1999,841,760,1.10657894736842
"69","AHL",3,2000,781,800,0.97625
"70","AHL",3,2001,1012,1080,0.937037037037037
"71","AHL",3,2002,917,1120,0.81875
"72","AHL",3,2003,997,1120,0.890178571428571
"73","AHL",3,2004,1407,1120,1.25625
"74","AHL",3,2005,1010,1080,0.935185185185185
"75","AHL",3,2006,921,1080,0.852777777777778
"76","AHL",3,2007,1053,1160,0.907758620689655
"77","AHL",3,2008,1202,1160,1.03620689655172
"78","AHL",3,2009,1163,1160,1.00258620689655
"79","AHL",3,2010,1231,1200,1.02583333333333
"80","AHL",3,2011,948,1140,0.831578947368421
"81","AHL",3,2012,1009,1140,0.885087719298246
"82","AHL",3,2013,1001,1140,0.878070175438596
"83","IHL",13,1996,785,779,1.00770218228498
"84","IHL",13,1997,745,733,1.01637107776262
"85","IHL",13,1998,668,656,1.01829268292683
"86","IHL",13,1999,504,533,0.945590994371482
"87","IHL",13,2000,374,451,0.829268292682927
"88","Memorial Cup",25,1971,1,3,0.333333333333333
"89","Memorial Cup",25,1972,2,3,0.666666666666667
"90","Memorial Cup",25,1973,7,3,2.33333333333333
"91","Memorial Cup",25,1974,7,3,2.33333333333333
"92","Memorial Cup",25,1975,9,3,3
"93","Memorial Cup",25,1976,5,6,0.833333333333333
"94","Memorial Cup",25,1977,4,6,0.666666666666667
"95","Memorial Cup",25,1978,5,6,0.833333333333333
"96","Memorial Cup",25,1979,3,6,0.5
"97","Memorial Cup",25,1980,4,6,0.666666666666667
"98","Memorial Cup",25,1981,9,6,1.5
"99","Memorial Cup",25,1982,3,6,0.5
"100","Memorial Cup",25,1983,9,6,1.5
"101","Memorial Cup",25,1984,6,6,1
"102","Memorial Cup",25,1985,1,6,0.166666666666667
"103","Memorial Cup",25,1986,7,4,1.75
"104","Memorial Cup",25,1987,5,6,0.833333333333333
"105","Memorial Cup",25,1988,1,6,0.166666666666667
"106","Memorial Cup",25,1989,2,6,0.333333333333333
"107","Memorial Cup",25,1990,14,6,2.33333333333333
"108","Memorial Cup",25,1991,2,6,0.333333333333333
"109","Memorial Cup",25,1992,5,6,0.833333333333333
"110","Memorial Cup",25,1993,8,6,1.33333333333333
"111","Memorial Cup",25,1994,3,6,0.5
"112","Memorial Cup",25,1995,1,6,0.166666666666667
"113","Memorial Cup",25,1996,7,6,1.16666666666667
"114","Memorial Cup",25,1997,2,6,0.333333333333333
"115","Memorial Cup",25,1999,2,6,0.333333333333333
"116","Memorial Cup",25,2000,5,6,0.833333333333333
"117","Memorial Cup",25,2001,1,6,0.166666666666667
"118","Memorial Cup",25,2003,1,6,0.166666666666667
"119","Memorial Cup",25,2004,1,6,0.166666666666667
"120","Memorial Cup",25,2005,2,6,0.333333333333333
"121","Memorial Cup",25,2006,1,6,0.166666666666667
"122","Memorial Cup",25,2007,1,6,0.166666666666667
"123","Memorial Cup",25,2008,2,6,0.333333333333333
"124","Memorial Cup",25,2009,4,6,0.666666666666667
"125","Memorial Cup",25,2011,3,6,0.5
"126","OHL",9,1997,1169,594,1.96801346801347
"127","OHL",9,1998,1095,680,1.61029411764706
"128","OHL",9,1999,857,676,1.26775147928994
"129","OHL",9,2000,746,676,1.10355029585799
"130","OHL",9,2001,767,676,1.13461538461538
"131","OHL",9,2002,750,678,1.10619469026549
"132","OHL",9,2003,739,680,1.08676470588235
"133","OHL",9,2004,815,680,1.19852941176471
"134","OHL",9,2005,651,680,0.957352941176471
"135","OHL",9,2006,566,680,0.832352941176471
"136","OHL",9,2007,635,681,0.932452276064611
"137","OHL",9,2008,596,680,0.876470588235294
"138","OHL",9,2009,727,680,1.06911764705882
"139","OHL",9,2010,674,680,0.991176470588235
"140","OHL",9,2011,637,681,0.935389133627019
"141","OHL",9,2012,492,680,0.723529411764706
"142","OHL",9,2013,482,680,0.708823529411765
"143","QMJHL",20,1969,292,308,0.948051948051948
"144","QMJHL",20,1970,354,310,1.14193548387097
"145","QMJHL",20,1971,442,309,1.43042071197411
"146","QMJHL",20,1972,257,288,0.892361111111111
"147","QMJHL",20,1973,564,385,1.46493506493506
"148","QMJHL",20,1974,625,360,1.73611111111111
"149","QMJHL",20,1975,505,360,1.40277777777778
"150","QMJHL",20,1976,594,360,1.65
"151","QMJHL",20,1977,589,360,1.63611111111111
"152","QMJHL",20,1978,587,360,1.63055555555556
"153","QMJHL",20,1979,437,360,1.21388888888889
"154","QMJHL",20,1980,435,360,1.20833333333333
"155","QMJHL",20,1981,400,288,1.38888888888889
"156","QMJHL",20,1982,490,385,1.27272727272727
"157","QMJHL",20,1983,530,385,1.37662337662338
"158","QMJHL",20,1984,641,391,1.63938618925831
"159","QMJHL",20,1985,578,360,1.60555555555556
"160","QMJHL",20,1986,562,350,1.60571428571429
"161","QMJHL",20,1987,585,350,1.67142857142857
"162","QMJHL",20,1988,256,385,0.664935064935065
"163","QMJHL",20,1989,303,385,0.787012987012987
"164","QMJHL",20,1990,444,420,1.05714285714286
"165","QMJHL",20,1991,736,420,1.75238095238095
"166","QMJHL",20,1992,576,420,1.37142857142857
"167","QMJHL",20,1993,594,468,1.26923076923077
"168","QMJHL",20,1994,752,468,1.60683760683761
"169","QMJHL",20,1995,871,490,1.77755102040816
"170","QMJHL",20,1996,943,490,1.92448979591837
"171","QMJHL",20,1997,922,525,1.75619047619048
"172","QMJHL",20,1998,745,525,1.41904761904762
"173","QMJHL",20,1999,803,572,1.40384615384615
"174","QMJHL",20,2000,779,572,1.36188811188811
"175","QMJHL",20,2001,611,572,1.06818181818182
"176","QMJHL",20,2002,679,574,1.18292682926829
"177","QMJHL",20,2003,733,560,1.30892857142857
"178","QMJHL",20,2004,697,560,1.24464285714286
"179","QMJHL",20,2005,595,630,0.944444444444444
"180","QMJHL",20,2006,569,630,0.903174603174603
"181","QMJHL",20,2007,581,630,0.922222222222222
"182","QMJHL",20,2008,305,612,0.498366013071895
"183","QMJHL",20,2009,400,612,0.65359477124183
"184","QMJHL",20,2010,485,612,0.792483660130719
"185","QMJHL",20,2011,456,578,0.788927335640138
"186","QMJHL",20,2012,418,612,0.683006535947712
"187","QMJHL",20,2013,456,615,0.741463414634146
"188","WHL",5,1997,1239,648,1.91203703703704
"189","WHL",5,1998,1053,648,1.625
"190","WHL",5,1999,969,648,1.49537037037037
"191","WHL",5,2000,978,648,1.50925925925926
"192","WHL",5,2001,889,684,1.29970760233918
"193","WHL",5,2002,789,684,1.15350877192982
"194","WHL",5,2003,901,720,1.25138888888889
"195","WHL",5,2004,841,720,1.16805555555556
"196","WHL",5,2005,772,720,1.07222222222222
"197","WHL",5,2006,657,756,0.869047619047619
"198","WHL",5,2007,766,792,0.967171717171717
"199","WHL",5,2008,776,792,0.97979797979798
"200","WHL",5,2009,822,792,1.03787878787879
"201","WHL",5,2010,860,792,1.08585858585859
"202","WHL",5,2011,799,792,1.00883838383838
"203","WHL",5,2012,674,792,0.851010101010101
"204","WHL",5,2013,682,792,0.861111111111111
"205","WeHL",57,1960,7,31,0.225806451612903
"206","WeHL",57,1966,25,252,0.0992063492063492
"207","WeHL",57,1967,12,140,0.0857142857142857
"208","WeHL",57,1968,25,224,0.111607142857143
"209","WeHL",57,1969,29,253,0.114624505928854
"210","WeHL",57,1970,43,216,0.199074074074074
"211","WeHL",57,1971,68,215,0.316279069767442
"212","WeHL",57,1972,51,167,0.305389221556886
"213","WeHL",57,1973,69,234,0.294871794871795
"214","NAHL",61,1973,126,265,0.475471698113208
"215","NAHL",61,1974,110,297,0.37037037037037
"216","NAHL",61,1975,148,340,0.435294117647059
"217","NAHL",61,1976,93,266,0.349624060150376
"218","LNAH",18,2000,791,308,2.56818181818182
"219","LNAH",18,2001,899,330,2.72424242424242
"220","LNAH",18,2002,1159,372,3.11559139784946
"221","LNAH",18,2003,1209,350,3.45428571428571
"222","LNAH",18,2004,863,282,3.06028368794326
"223","LNAH",18,2005,903,252,3.58333333333333
"224","LNAH",18,2006,854,192,4.44791666666667
"225","LNAH",18,2007,830,208,3.99038461538462
"226","LNAH",18,2008,625,191,3.27225130890052
"227","LNAH",18,2009,416,151,2.75496688741722
"228","LNAH",18,2010,471,147,3.20408163265306
"229","LNAH",18,2011,409,169,2.42011834319527
"230","LNAH",18,2012,335,145,2.31034482758621
"231","LNAH",18,2013,393,162,2.42592592592593
"232","LHSAM",79,2009,192,85,2.25882352941176
"233","LHSAM",79,2010,271,104,2.60576923076923
"234","LHSAM",79,2011,304,84,3.61904761904762
"235","LHSAM",79,2012,284,88,3.22727272727273
"236","LHSAM",79,2013,225,79,2.84810126582278
"237","LHSPAA",33,2004,425,93,4.56989247311828
"238","LHSPAA",33,2005,624,112,5.57142857142857
"239","LCH",36,2000,263,158,1.66455696202532
"240","LCH",36,2001,277,136,2.03676470588235
"241","LCH",36,2002,205,126,1.62698412698413
"242","LCH",36,2003,443,162,2.73456790123457
"243","LCH",36,2004,443,170,2.60588235294118
"244","LCH",36,2005,436,148,2.94594594594595
"245","LCH",36,2006,451,144,3.13194444444444
"246","LCH",36,2007,538,162,3.32098765432099
"247","LRH",118,1986,15,5,3
"248","LHSP",41,2003,76,124,0.612903225806452
"249","LHSP",41,2004,34,22,1.54545454545455
"250","LHSP",41,2005,197,153,1.28758169934641
"251","LHSP",41,2006,171,126,1.35714285714286
"252","ECHL",11,1999,1067,980,1.08877551020408
"253","ECHL",11,2000,827,900,0.918888888888889
"254","ECHL",11,2001,893,1044,0.85536398467433
"255","ECHL",11,2002,910,972,0.936213991769547
"256","ECHL",11,2003,1008,1116,0.903225806451613
"257","ECHL",11,2004,831,1008,0.824404761904762
"258","ECHL",11,2005,772,900,0.857777777777778
"259","ECHL",11,2006,627,900,0.696666666666667
"260","ECHL",11,2007,698,900,0.775555555555556
"261","ECHL",11,2008,735,779,0.943517329910141
"262","ECHL",11,2009,596,720,0.827777777777778
"263","ECHL",11,2010,558,684,0.815789473684211
"264","ECHL",11,2011,537,720,0.745833333333333
"265","ECHL",11,2012,721,828,0.870772946859903
"266","ECHL",11,2013,582,791,0.735777496839444
"267","CHL",8,2001,653,512,1.275390625
"268","CHL",8,2002,601,512,1.173828125
"269","CHL",8,2003,550,544,1.01102941176471
"270","CHL",8,2004,551,510,1.08039215686275
"271","CHL",8,2005,471,480,0.98125
"272","CHL",8,2006,547,544,1.00551470588235
"273","CHL",8,2007,615,544,1.13051470588235
"274","CHL",8,2008,454,512,0.88671875
"275","CHL",8,2009,404,480,0.841666666666667
"276","CHL",8,2010,535,594,0.900673400673401
"277","CHL",8,2011,384,462,0.831168831168831
"278","CHL",8,2012,269,332,0.810240963855422
"279","CHL",8,2013,260,331,0.785498489425982
"280","NewIHL",15,2004,558,560,0.996428571428571
"281","NewIHL",15,2005,496,532,0.932330827067669
"282","NewIHL",15,2006,323,380,0.85
"283","NewIHL",15,2007,269,228,1.17982456140351
"284","NewIHL",15,2008,241,228,1.05701754385965
"285","NewIHL",15,2009,291,266,1.09398496240601
"286","SPHL",21,2004,353,224,1.57589285714286
"287","SPHL",21,2005,249,196,1.27040816326531
"288","SPHL",21,2006,239,209,1.14354066985646
"289","SPHL",21,2007,299,182,1.64285714285714
"290","SPHL",21,2008,167,181,0.922651933701657
"291","SPHL",21,2009,204,200,1.02
"292","SPHL",21,2010,251,224,1.12053571428571
"293","SPHL",21,2011,277,252,1.09920634920635
"294","SPHL",21,2012,286,252,1.13492063492063
"295","SPHL",21,2013,256,292,0.876712328767123
"296","EIHL",2,1998,101,185,0.545945945945946
"297","EIHL",2,1999,89,210,0.423809523809524
"298","EIHL",2,2000,149,232,0.642241379310345
"299","EIHL",2,2001,54,167,0.323353293413174
"300","EIHL",2,2002,52,99,0.525252525252525
"301","EIHL",2,2003,81,230,0.352173913043478
"302","EIHL",2,2004,85,133,0.639097744360902
"303","EIHL",2,2005,129,227,0.568281938325991
"304","EIHL",2,2006,117,294,0.397959183673469
"305","EIHL",2,2007,149,314,0.474522292993631
"306","EIHL",2,2008,176,309,0.56957928802589
"307","EIHL",2,2009,117,250,0.468
"308","EIHL",2,2010,137,295,0.464406779661017
"309","EIHL",2,2011,120,304,0.394736842105263
"310","EIHL",2,2012,142,300,0.473333333333333
"311","EIHL",2,2013,98,301,0.325581395348837
"312","LHSEQ",45,2000,27,112,0.241071428571429
"313","LHSEQ",45,2001,51,98,0.520408163265306
"314","LHSEQ",45,2002,83,110,0.754545454545455
"315","LHSEQ",45,2003,42,139,0.302158273381295
"316","LHSEQ",45,2004,9,90,0.1
"317","LHSEQ",45,2005,48,60,0.8
"318","LHSEQ",45,2006,111,68,1.63235294117647
"319","LHSEQ",45,2007,150,70,2.14285714285714
"320","LHSEQ",45,2008,132,72,1.83333333333333
"321","LHSEQ",45,2009,72,49,1.46938775510204
"322","MAHL",43,2007,99,77,1.28571428571429
"323","FHL",95,2010,156,133,1.17293233082707
"324","FHL",95,2011,248,180,1.37777777777778
"325","FHL",95,2012,172,143,1.2027972027972
"326","FHL",95,2013,162,113,1.43362831858407
"327","LHINB",116,1979,20,15,1.33333333333333
"328","LHINB",116,1980,36,20,1.8
"329","LHINB",116,1981,26,13,2
"330","LHSCN",44,2007,110,72,1.52777777777778
"331","LHSCN",44,2008,156,103,1.51456310679612
"332","LHSCN",44,2009,96,60,1.6
"333","NESHL",107,2011,53,54,0.981481481481482
"334","NESHL",107,2012,68,71,0.957746478873239
"335","NESHL",107,2013,49,63,0.777777777777778
"336","LHSBEQ",108,2011,107,70,1.52857142857143
"337","LHSBC",109,1994,1,1,1
"338","SHL",46,2004,63,101,0.623762376237624
"339","SHL",46,2005,90,59,1.52542372881356
"340","SHL",46,2006,72,71,1.01408450704225
"341","SHL",46,2007,110,84,1.30952380952381
"342","SHL",46,2008,61,63,0.968253968253968
"343","SHL",46,2009,49,44,1.11363636363636
"344","ESHL",110,2009,12,36,0.333333333333333
"345","NDSHL",113,1995,7,4,1.75
"346","NDSHL",113,1996,4,2,2
"347","NDSHL",113,1997,3,2,1.5
"348","USHL",22,2002,153,330,0.463636363636364
"349","USHL",22,2003,162,360,0.45
"350","USHL",22,2004,197,330,0.596969696969697
"351","USHL",22,2005,215,330,0.651515151515151
"352","USHL",22,2006,167,360,0.463888888888889
"353","USHL",22,2007,179,360,0.497222222222222
"354","USHL",22,2008,217,360,0.602777777777778
"355","USHL",22,2009,254,420,0.604761904761905
"356","USHL",22,2010,282,480,0.5875
"357","USHL",22,2011,268,480,0.558333333333333
"358","USHL",22,2012,306,514,0.595330739299611
"359","USHL",22,2013,232,481,0.482328482328482
"360","NAHL",42,1999,7,22,0.318181818181818
"361","NAHL",42,2000,11,54,0.203703703703704
"362","NAHL",42,2001,73,308,0.237012987012987
"363","NAHL",42,2002,85,303,0.280528052805281
"364","NAHL",42,2003,63,569,0.110720562390158
"365","NAHL",42,2004,373,510,0.731372549019608
"366","NAHL",42,2005,365,580,0.629310344827586
"367","NAHL",42,2006,273,529,0.516068052930057
"368","NAHL",42,2007,300,522,0.574712643678161
"369","NAHL",42,2008,309,551,0.560798548094374
"370","NAHL",42,2009,314,549,0.571948998178506
"371","NAHL",42,2010,482,754,0.639257294429708
"372","NAHL",42,2011,480,840,0.571428571428571
"373","NAHL",42,2012,361,720,0.501388888888889
"374","NAHL",42,2013,352,724,0.486187845303867
"375","CEHL",51,2005,107,72,1.48611111111111
"376","LHBBF",53,2005,58,120,0.483333333333333
"377","LHBBF",53,2006,61,120,0.508333333333333
"378","LHBBF",53,2007,59,112,0.526785714285714
"379","LHBBF",53,2008,70,108,0.648148148148148
"380","LHBBF",53,2009,129,140,0.921428571428571
"381","LHBBF",53,2010,97,108,0.898148148148148
"382","LHBBF",53,2011,54,85,0.635294117647059
"383","LHBBF",53,2012,90,94,0.957446808510638
"384","LHBBF",53,2013,27,48,0.5625
"385","LHSCE",106,2011,69,72,0.958333333333333
"386","LHSCE",106,2012,73,74,0.986486486486487
"387","LHSCE",106,2013,95,59,1.61016949152542
"388","LHSE",58,2002,143,79,1.81012658227848
"389","LHSDR",59,2002,211,84,2.51190476190476
"390","EHL",63,1943,1,1,1
"391","EHL",63,1945,4,3,1.33333333333333
"392","PHL",88,1978,76,65,1.16923076923077
"393","WIHL",89,1972,25,48,0.520833333333333
"394","WIHL",89,1973,35,48,0.729166666666667
"395","WIHL",89,1974,28,51,0.549019607843137
"396","WIHL",89,1975,43,48,0.895833333333333
"397","WIHL",89,1976,40,56,0.714285714285714
"398","WIHL",89,1977,46,55,0.836363636363636
"399","WIHL",89,1979,47,55,0.854545454545454
"400","WIHL",89,1982,12,50,0.24
"401","WIHL",89,1983,31,46,0.673913043478261
"402","WIHL",89,1984,24,88,0.272727272727273
"403","EPHL",55,2008,154,97,1.58762886597938
"404","AAHA",56,2008,112,77,1.45454545454545
"405","AAHA",56,2009,146,109,1.3394495412844
"406","AAHA",56,2010,122,53,2.30188679245283
"407","CCHL",66,2009,150,525,0.285714285714286
"408","OJAHL",65,2009,140,420,0.333333333333333
"409","OJHL",31,2005,533,881,0.604994324631101
"410","OJHL",31,2006,480,856,0.560747663551402
"411","OJHL",31,2007,367,858,0.427738927738928
"412","OJHL",31,2008,390,912,0.427631578947368
"413","OJHL",31,2010,272,775,0.350967741935484
"414","OJHL",31,2011,166,664,0.25
"415","OJHL",31,2012,128,605,0.211570247933884
"416","OJHL",31,2013,92,607,0.151565074135091
"417","QJAAAHL",94,2008,198,367,0.539509536784741
"418","QJAAAHL",94,2009,166,357,0.464985994397759
"419","QJAAAHL",94,2010,102,343,0.297376093294461
"420","QJAAAHL",94,2011,86,343,0.250728862973761
"421","QJAAAHL",94,2012,115,389,0.295629820051414
"422","BCHL",32,2003,756,510,1.48235294117647
"423","BCHL",32,2004,798,510,1.56470588235294
"424","BCHL",32,2005,657,510,1.28823529411765
"425","BCHL",32,2006,537,510,1.05294117647059
"426","BCHL",32,2007,503,480,1.04791666666667
"427","BCHL",32,2008,494,480,1.02916666666667
"428","BCHL",32,2009,479,510,0.93921568627451
"429","BCHL",32,2010,229,480,0.477083333333333
"430","BCHL",32,2011,245,481,0.509355509355509
"431","BCHL",32,2012,196,448,0.4375
"432","BCHL",32,2013,171,464,0.368534482758621
"433","AJHL",37,2005,557,480,1.16041666666667
"434","AJHL",37,2006,453,480,0.94375
"435","AJHL",37,2007,458,496,0.923387096774194
"436","AJHL",37,2008,457,496,0.921370967741935
"437","AJHL",37,2009,468,480,0.975
"438","AJHL",37,2010,335,480,0.697916666666667
"439","AJHL",37,2011,346,482,0.717842323651452
"440","AJHL",37,2012,304,505,0.601980198019802
"441","AJHL",37,2013,275,486,0.565843621399177
"442","MHL",35,2006,70,36,1.94444444444444
"443","MHL",35,2007,382,349,1.0945558739255
"444","MHL",35,2008,334,296,1.12837837837838
"445","MHL",35,2009,305,274,1.11313868613139
"446","MHL",35,2010,161,289,0.557093425605536
"447","MHL",35,2011,167,286,0.583916083916084
"448","MHL",35,2012,169,295,0.572881355932203
"449","MHL",35,2013,133,300,0.443333333333333
"450","CJHL",38,2007,112,330,0.339393939393939
"451","CJHL",38,2008,109,330,0.33030303030303
"452","CJHL",38,2009,89,372,0.239247311827957
"453","CJHL",38,2010,82,372,0.220430107526882
"454","CJHL",38,2011,89,373,0.238605898123324
"455","CJHL",38,2012,83,374,0.22192513368984
"456","CJHL",38,2013,59,382,0.154450261780105
"457","SJHL",40,1976,38,174,0.218390804597701
"458","SJHL",40,1977,55,273,0.201465201465201
"459","SJHL",40,1978,108,285,0.378947368421053
"460","SJHL",40,1979,161,319,0.504702194357367
"461","SJHL",40,1980,77,310,0.248387096774194
"462","SJHL",40,1981,47,307,0.153094462540717
"463","SJHL",40,2000,145,403,0.359801488833747
"464","SJHL",40,2001,141,384,0.3671875
"465","SJHL",40,2002,157,360,0.436111111111111
"466","SJHL",40,2003,433,360,1.20277777777778
"467","SJHL",40,2004,396,300,1.32
"468","SJHL",40,2005,298,330,0.903030303030303
"469","SJHL",40,2006,275,348,0.790229885057471
"470","SJHL",40,2007,365,348,1.04885057471264
"471","SJHL",40,2008,238,336,0.708333333333333
"472","SJHL",40,2009,247,348,0.709770114942529
"473","SJHL",40,2010,168,348,0.482758620689655
"474","SJHL",40,2011,227,349,0.650429799426934
"475","SJHL",40,2012,158,328,0.481707317073171
"476","SJHL",40,2013,143,339,0.421828908554572
"477","MJHL",39,2007,348,341,1.02052785923754
"478","MJHL",39,2008,257,342,0.751461988304094
"479","MJHL",39,2009,259,341,0.759530791788856
"480","MJHL",39,2010,135,341,0.395894428152493
"481","MJHL",39,2011,196,345,0.568115942028986
"482","MJHL",39,2012,169,333,0.507507507507508
"483","MJHL",39,2013,173,340,0.508823529411765
"484","NOJHL",76,2008,128,200,0.64
"485","NOJHL",76,2009,79,200,0.395
"486","NOJHL",76,2010,58,200,0.29
"487","NOJHL",76,2011,55,176,0.3125
"488","NOJHL",76,2012,64,169,0.378698224852071
"489","NOJHL",76,2013,67,224,0.299107142857143
"490","SIJHL",69,2008,123,150,0.82
"491","SIJHL",69,2009,94,120,0.783333333333333
"492","SIJHL",69,2010,105,168,0.625
"493","SIJHL",69,2011,94,200,0.47
"494","SIJHL",69,2012,67,151,0.443708609271523
"495","SIJHL",69,2013,53,172,0.308139534883721
"496","NPHL",52,2005,208,242,0.859504132231405
"497","NPHL",52,2006,227,264,0.859848484848485
"498","NPHL",52,2007,295,312,0.94551282051282
"499","NPHL",52,2008,300,312,0.961538461538462
"500","NPHL",52,2009,239,288,0.829861111111111
"501","NPHL",52,2010,228,272,0.838235294117647
"502","NPHL",52,2011,122,166,0.734939759036145
"503","NPHL",52,2012,63,112,0.5625
"504","NPHL",52,2013,45,100,0.45
"505","AWHL",119,2011,63,144,0.4375
"506","AWHL",119,2012,61,178,0.342696629213483
"507","AWHL",119,2013,63,169,0.372781065088757
"508","WSHL",49,2006,183,287,0.637630662020906
"509","WSHL",49,2007,197,279,0.706093189964158
"510","WSHL",49,2008,14,45,0.311111111111111
"511","WSHL",49,2009,48,54,0.888888888888889
"512","WSHL",49,2010,24,42,0.571428571428571
"513","WSHL",49,2011,198,363,0.545454545454545
"514","WSHL",49,2012,370,505,0.732673267326733
"515","WSHL",49,2013,258,508,0.507874015748031
"516","NA3HL",60,2006,145,314,0.461783439490446
"517","NA3HL",60,2007,13,312,0.0416666666666667
"518","NA3HL",60,2008,134,270,0.496296296296296
"519","NA3HL",60,2009,101,312,0.323717948717949
"520","NA3HL",60,2010,102,271,0.376383763837638
"521","NA3HL",60,2011,122,384,0.317708333333333
"522","NA3HL",60,2012,121,409,0.295843520782396
"523","NA3HL",60,2013,141,540,0.261111111111111
"524","EJHL",96,2004,38,312,0.121794871794872
"525","EJHL",96,2005,5,315,0.0158730158730159
"526","EJHL",96,2006,4,315,0.0126984126984127
"527","EJHL",96,2007,3,316,0.00949367088607595
"528","EJHL",96,2008,2,315,0.00634920634920635
"529","EJHL",96,2009,23,315,0.073015873015873
"530","EJHL",96,2011,12,315,0.0380952380952381
"531","UJHL",62,2008,91,177,0.514124293785311
"532","GOJHL",54,2008,320,679,0.471281296023564
"533","GOJHL",54,2009,243,634,0.383280757097792
"534","GOJHL",54,2010,276,664,0.41566265060241
"535","GOJHL",54,2011,265,683,0.387994143484627
"536","GOJHL",54,2012,241,665,0.362406015037594
"537","GOJHL",54,2013,222,670,0.33134328358209
"538","EOJHL",67,2009,223,476,0.468487394957983
"539","EOJHL",67,2010,180,486,0.37037037037037
"540","EOJHL",67,2011,166,505,0.328712871287129
"541","NBJBHL",93,2010,78,81,0.962962962962963
"542","NBJBHL",93,2011,27,69,0.391304347826087
"543","NBJBHL",93,2012,90,133,0.676691729323308
"544","NBJBHL",93,2013,80,138,0.579710144927536
"545","NSJHL",112,2011,3,2,1.5
"546","IJHL",114,2012,58,75,0.773333333333333
"547","SOJHL",111,2011,90,301,0.299003322259136
"548","SOJHL",111,2012,107,268,0.399253731343284
"549","SOJHL",111,2013,40,186,0.21505376344086
"550","COJHL",70,2009,30,100,0.3
"551","COJHL",70,2010,31,100,0.31
"552","COJHL",70,2011,28,120,0.233333333333333
"553","COJHL",70,2012,30,123,0.24390243902439
"554","NDJHL",85,2009,86,216,0.398148148148148
"555","KHL",28,1990,6,300,0.02
"556","KHL",28,1991,24,264,0.0909090909090909
"557","KHL",28,1992,23,503,0.0457256461232604
"558","KHL",28,1993,23,552,0.0416666666666667
"559","KHL",28,1994,68,729,0.093278463648834
"560","KHL",28,1995,76,728,0.104395604395604
"561","KHL",28,1996,97,512,0.189453125
"562","KHL",28,1997,110,564,0.195035460992908
"563","KHL",28,1998,103,462,0.222943722943723
"564","KHL",28,1999,32,380,0.0842105263157895
"565","KHL",28,2000,45,396,0.113636363636364
"566","KHL",28,2001,55,459,0.119825708061002
"567","KHL",28,2002,45,459,0.0980392156862745
"568","KHL",28,2003,44,480,0.0916666666666667
"569","KHL",28,2004,50,480,0.104166666666667
"570","KHL",28,2005,61,459,0.132897603485839
"571","KHL",28,2006,56,513,0.10916179337232
"572","KHL",28,2007,95,570,0.166666666666667
"573","KHL",28,2008,81,672,0.120535714285714
"574","KHL",28,2009,101,672,0.150297619047619
"575","KHL",28,2010,64,621,0.103059581320451
"576","KHL",28,2011,76,621,0.122383252818035
"577","KHL",28,2012,52,676,0.0769230769230769
"578","KHL",28,2013,59,756,0.078042328042328
"579","VHL",91,1996,9,376,0.023936170212766
"580","VHL",91,1997,10,380,0.0263157894736842
"581","VHL",91,1998,22,180,0.122222222222222
"582","VHL",91,1999,38,540,0.0703703703703704
"583","VHL",91,2000,62,632,0.0981012658227848
"584","VHL",91,2001,78,896,0.0870535714285714
"585","VHL",91,2002,52,734,0.0708446866485014
"586","VHL",91,2003,79,856,0.0922897196261682
"587","VHL",91,2004,69,728,0.0947802197802198
"588","VHL",91,2005,58,732,0.0792349726775956
"589","VHL",91,2006,31,784,0.0395408163265306
"590","VHL",91,2007,63,844,0.0746445497630332
"591","VHL",91,2008,72,996,0.072289156626506
"592","VHL",91,2009,53,654,0.081039755351682
"593","VHL",91,2010,47,560,0.0839285714285714
"594","VHL",91,2011,49,594,0.0824915824915825
"595","VHL",91,2012,75,702,0.106837606837607
"596","VHL",91,2013,54,650,0.0830769230769231
"597","MHL",81,2009,67,666,0.100600600600601
"598","MHL",81,2010,65,784,0.0829081632653061
"599","MHL",81,2011,97,960,0.101041666666667
"600","MHL",81,2012,82,1025,0.08
"601","MHL",81,2013,80,1064,0.075187969924812
"602","DEL",10,1999,150,420,0.357142857142857
"603","DEL",10,2000,146,480,0.304166666666667
"604","DEL",10,2001,112,480,0.233333333333333
"605","DEL",10,2002,57,364,0.156593406593407
"606","DEL",10,2003,76,364,0.208791208791209
"607","DEL",10,2004,16,364,0.043956043956044
"608","DEL",10,2005,5,364,0.0137362637362637
"609","DEL",10,2006,14,364,0.0384615384615385
"610","DEL",10,2007,25,419,0.0596658711217184
"611","DEL",10,2008,40,416,0.0961538461538462
"612","DEL",10,2009,35,422,0.0829383886255924
"613","DEL",10,2010,49,364,0.134615384615385
"614","DEL",10,2011,55,364,0.151098901098901
"615","DEL",10,2012,43,364,0.118131868131868
"616","DEL",10,2013,47,365,0.128767123287671
"617","CzEL",12,2002,6,364,0.0164835164835165
"618","CzEL",12,2003,40,364,0.10989010989011
"619","CzEL",12,2004,42,364,0.115384615384615
"620","CzEL",12,2005,19,364,0.0521978021978022
"621","CzEL",12,2006,31,364,0.0851648351648352
"622","CzEL",12,2007,30,364,0.0824175824175824
"623","CzEL",12,2008,31,364,0.0851648351648352
"624","CzEL",12,2009,22,364,0.0604395604395604
"625","CzEL",12,2010,16,364,0.043956043956044
"626","CzEL",12,2011,22,364,0.0604395604395604
"627","CzEL",12,2012,30,364,0.0824175824175824
"628","CzEL",12,2013,32,364,0.0879120879120879
"629","SkEL",121,2004,12,270,0.0444444444444444
"630","SkEL",121,2005,14,270,0.0518518518518519
"631","SkEL",121,2006,12,270,0.0444444444444444
"632","SkEL",121,2007,16,308,0.051948051948052
"633","SkEL",121,2008,23,359,0.064066852367688
"634","SkEL",121,2009,20,300,0.0666666666666667
"635","SkEL",121,2010,29,300,0.0966666666666667
"636","SkEL",121,2011,22,281,0.0782918149466192
"637","SkEL",121,2012,23,290,0.0793103448275862
"638","SkEL",121,2013,15,290,0.0517241379310345
"639","FEL",4,1991,4,264,0.0151515151515152
"640","FEL",4,1992,7,288,0.0243055555555556
"641","FEL",4,1993,12,288,0.0416666666666667
"642","FEL",4,1994,15,300,0.05
"643","FEL",4,1995,15,300,0.05
"644","FEL",4,1996,28,300,0.0933333333333333
"645","FEL",4,1997,23,288,0.0798611111111111
"646","FEL",4,1998,31,324,0.095679012345679
"647","FEL",4,1999,19,324,0.058641975308642
"648","FEL",4,2000,26,364,0.0714285714285714
"649","FEL",4,2001,28,364,0.0769230769230769
"650","FEL",4,2002,9,364,0.0247252747252747
"651","FEL",4,2003,20,364,0.0549450549450549
"652","FEL",4,2004,25,364,0.0686813186813187
"653","FEL",4,2005,31,392,0.0790816326530612
"654","FEL",4,2006,23,392,0.0586734693877551
"655","FEL",4,2007,33,392,0.0841836734693878
"656","FEL",4,2008,29,406,0.0714285714285714
"657","FEL",4,2009,35,406,0.0862068965517241
"658","FEL",4,2010,40,421,0.0950118764845606
"659","FEL",4,2011,27,421,0.0641330166270784
"660","FEL",4,2012,4,420,0.00952380952380952
"661","FEL",4,2013,14,419,0.0334128878281623
"662","SEL",7,1996,9,300,0.03
"663","SEL",7,1997,7,276,0.0253623188405797
"664","SEL",7,1998,13,300,0.0433333333333333
"665","SEL",7,1999,17,300,0.0566666666666667
"666","SEL",7,2000,20,300,0.0666666666666667
"667","SEL",7,2001,24,300,0.08
"668","SEL",7,2002,21,300,0.07
"669","SEL",7,2003,23,300,0.0766666666666667
"670","SEL",7,2004,27,300,0.09
"671","SEL",7,2005,11,300,0.0366666666666667
"672","SEL",7,2006,12,330,0.0363636363636364
"673","SEL",7,2007,20,330,0.0606060606060606
"674","SEL",7,2008,21,330,0.0636363636363636
"675","SEL",7,2009,18,330,0.0545454545454545
"676","SEL",7,2010,16,330,0.0484848484848485
"677","SEL",7,2011,10,330,0.0303030303030303
"678","SEL",7,2012,13,330,0.0393939393939394
"679","SEL",7,2013,8,330,0.0242424242424242
"680","NLA",87,2001,16,264,0.0606060606060606
"681","NLA",87,2002,15,264,0.0568181818181818
"682","NLA",87,2003,16,312,0.0512820512820513
"683","NLA",87,2004,9,264,0.0340909090909091
"684","NLA",87,2005,11,263,0.0418250950570342
"685","NLA",87,2006,11,263,0.0418250950570342
"686","NLA",87,2007,15,300,0.05
"687","NLA",87,2008,16,300,0.0533333333333333
"688","NLA",87,2009,21,300,0.07
"689","NLA",87,2010,20,297,0.0673400673400673
"690","NLA",87,2011,17,300,0.0566666666666667
"691","NLA",87,2012,5,300,0.0166666666666667
"692","NLA",87,2013,13,300,0.0433333333333333
"693","Alpenliga",117,1991,32,82,0.390243902439024
"694","Alpenliga",117,1992,39,95,0.410526315789474
"695","Alpenliga",117,1993,4,12,0.333333333333333
"696","AEL",102,1985,2,1,2
"697","AEL",102,1987,2,1,2
"698","AEL",102,1988,24,31,0.774193548387097
"699","AEL",102,2007,37,222,0.166666666666667
"700","AEL",102,2008,40,270,0.148148148148148
"701","AEL",102,2009,45,270,0.166666666666667
"702","AEL",102,2010,39,270,0.144444444444444
"703","AEL",102,2011,85,270,0.314814814814815
"704","AEL",102,2012,95,323,0.294117647058824
"705","AEL",102,2013,66,324,0.203703703703704
"706","BXL",99,2000,4,84,0.0476190476190476
"707","BXL",99,2001,9,92,0.0978260869565217
"708","BXL",99,2002,11,168,0.0654761904761905
"709","BXL",99,2003,9,225,0.04
"710","BXL",99,2004,16,264,0.0606060606060606
"711","BXL",99,2005,26,342,0.0760233918128655
"712","BXL",99,2006,21,287,0.0731707317073171
"713","BXL",99,2007,21,270,0.0777777777777778
"714","BXL",99,2008,21,364,0.0576923076923077
"715","BXL",99,2009,19,364,0.0521978021978022
"716","BXL",99,2010,43,330,0.13030303030303
"717","BXL",99,2011,21,275,0.0763636363636364
"718","BXL",99,2012,21,270,0.0777777777777778
"719","BXL",99,2013,34,256,0.1328125
"720","FrEL",122,2012,9,182,0.0494505494505494
"721","FrEL",122,2013,7,182,0.0384615384615385
"722","ALH",120,2003,6,40,0.15
"723","ALH",120,2004,20,168,0.119047619047619
"724","ALH",120,2005,31,171,0.181286549707602
"725","ALH",120,2006,17,136,0.125
"726","ALH",120,2007,14,105,0.133333333333333
"727","ALH",120,2008,8,126,0.0634920634920635
"728","ALH",120,2009,7,126,0.0555555555555556
"729","ALH",120,2010,4,126,0.0317460317460317
"730","ALH",120,2011,4,124,0.032258064516129
"731","ALH",120,2012,9,147,0.0612244897959184
"732","ALH",120,2013,13,163,0.0797546012269939
"733","AIHL",105,2006,41,101,0.405940594059406
"734","AIHL",105,2007,40,100,0.4
"735","AIHL",105,2008,32,80,0.4
"736","AIHL",105,2009,44,83,0.530120481927711
"737","AIHL",105,2010,51,113,0.451327433628319
"738","AIHL",105,2011,43,108,0.398148148148148
"739","AIHL",105,2012,19,112,0.169642857142857
"740","BNL",26,1999,71,249,0.285140562248996
"741","BNL",26,2000,69,132,0.522727272727273
"742","BNL",26,2001,79,177,0.446327683615819
"743","BNL",26,2002,74,240,0.308333333333333
"744","BNL",26,2003,57,203,0.280788177339901
"745","BNL",26,2004,19,89,0.213483146067416
"746","EPL",47,2007,93,294,0.316326530612245
"747","EPL",47,2008,84,276,0.304347826086957
"748","EPL",47,2009,75,271,0.276752767527675
"749","EPL",47,2010,96,286,0.335664335664336
"750","EPL",47,2011,99,272,0.363970588235294
"751","EPL",47,2012,105,282,0.372340425531915
"752","EPL",47,2013,146,278,0.525179856115108
"753","NEL",86,2008,18,225,0.08
"754","NEL",86,2009,15,216,0.0694444444444444
"755","NEL",86,2010,21,225,0.0933333333333333
"756","NEL",86,2011,19,225,0.0844444444444444
"757","NEL",86,2012,15,228,0.0657894736842105
"758","NEL",86,2013,11,227,0.0484581497797357
"759","Mestis",115,1996,12,352,0.0340909090909091
"760","Mestis",115,1997,5,264,0.0189393939393939
"761","Mestis",115,1998,11,288,0.0381944444444444
"762","Mestis",115,1999,17,287,0.0592334494773519
"763","Mestis",115,2000,16,264,0.0606060606060606
"764","Mestis",115,2001,11,264,0.0416666666666667
"765","Mestis",115,2002,12,266,0.0451127819548872
"766","Mestis",115,2003,16,263,0.0608365019011407
"767","Mestis",115,2004,16,263,0.0608365019011407
"768","Mestis",115,2005,11,242,0.0454545454545455
"769","Mestis",115,2006,9,264,0.0340909090909091
"770","Mestis",115,2007,13,264,0.0492424242424242
"771","Mestis",115,2008,4,264,0.0151515151515152
"772","Mestis",115,2009,8,264,0.0303030303030303
"773","Mestis",115,2010,10,288,0.0347222222222222
"774","Mestis",115,2011,7,253,0.0276679841897233
"775","Mestis",115,2012,7,288,0.0243055555555556
"776","Mestis",115,2013,11,336,0.0327380952380952
"777","Allsvenskan",104,2000,29,466,0.0622317596566524
"778","Allsvenskan",104,2001,39,553,0.0705244122965642
"779","Allsvenskan",104,2002,45,504,0.0892857142857143
"780","Allsvenskan",104,2003,39,551,0.0707803992740472
"781","Allsvenskan",104,2004,36,511,0.0704500978473581
"782","Allsvenskan",104,2005,29,313,0.0926517571884984
"783","Allsvenskan",104,2006,27,359,0.0752089136490251
"784","Allsvenskan",104,2007,34,350,0.0971428571428571
"785","Allsvenskan",104,2008,22,359,0.0612813370473538
"786","Allsvenskan",104,2009,30,363,0.0826446280991736
"787","Allsvenskan",104,2010,22,362,0.0607734806629834
"788","Allsvenskan",104,2011,21,362,0.0580110497237569
"789","Allsvenskan",104,2012,12,364,0.032967032967033
"790","Allsvenskan",104,2013,17,361,0.0470914127423823
"791","Czech2",125,2013,28,364,0.0769230769230769
"792","WCSHL",68,2008,44,48,0.916666666666667
"793","WCSHL",68,2009,57,48,1.1875
"794","ChHL",82,2009,46,60,0.766666666666667
"795","BRHL",83,2009,46,109,0.422018348623853
"796","NCHL",84,2009,43,78,0.551282051282051
"797","CIHL",92,2009,58,72,0.805555555555556
"798","CIHL",92,2010,35,73,0.479452054794521
"799","LHCS",123,2013,34,49,0.693877551020408
"800","ENL",97,2008,50,34,1.47058823529412
"801","ENL",97,2009,67,67,1
"802","ENL",97,2010,110,188,0.585106382978723
"803","ENL",97,2011,64,170,0.376470588235294
"804","ENL",97,2012,71,157,0.452229299363057
"805","ENL",97,2013,73,132,0.553030303030303
"806","NCAA",98,2010,6,1080,0.00555555555555556
"807","NCAA",98,2011,4,1085,0.00368663594470046
"808","NCAA",98,2012,2,1086,0.00184162062615101
"809","CIS",124,2013,2,391,0.0051150895140665
"810","InterLeague",34,1967,4,78,0.0512820512820513
"811","InterLeague",34,1972,38,97,0.391752577319588
"812","InterLeague",34,1974,2,3,0.666666666666667
"813","InterLeague",34,1976,10,10,1
"814","InterLeague",34,1977,1,8,0.125
"815","InterLeague",34,1978,11,21,0.523809523809524
"816","InterLeague",34,1981,1,1,1
"817","InterLeague",34,1982,2,3,0.666666666666667
"818","InterLeague",34,1983,1,2,0.5
"819","InterLeague",34,1984,1,4,0.25
"820","InterLeague",34,1987,1,1,1
"821","InterLeague",34,1989,1,3,0.333333333333333
"822","InterLeague",34,1990,1,3,0.333333333333333
"823","InterLeague",34,1992,8,11,0.727272727272727
"824","InterLeague",34,1993,4,8,0.5
"825","InterLeague",34,1994,2,25,0.08
"826","InterLeague",34,1995,3,7,0.428571428571429
"827","InterLeague",34,1996,50,74,0.675675675675676
"828","InterLeague",34,1997,42,107,0.392523364485981
"829","InterLeague",34,1998,58,112,0.517857142857143
"830","InterLeague",34,1999,52,81,0.641975308641975
"831","InterLeague",34,2000,59,63,0.936507936507937
"832","InterLeague",34,2001,66,103,0.640776699029126
"833","InterLeague",34,2002,19,63,0.301587301587302
"834","InterLeague",34,2003,19,73,0.26027397260274
"835","InterLeague",34,2004,38,145,0.262068965517241
"836","InterLeague",34,2005,11,48,0.229166666666667
"837","InterLeague",34,2006,3,19,0.157894736842105
"838","InterLeague",34,2007,6,14,0.428571428571429
"839","InterLeague",34,2008,9,24,0.375
"840","InterLeague",34,2009,12,19,0.631578947368421
"841","InterLeague",34,2010,25,19,1.31578947368421
"842","InterLeague",34,2011,21,52,0.403846153846154
"843","InterLeague",34,2012,6,49,0.122448979591837
"844","InterLeague",34,2013,12,58,0.206896551724138
"845","NLL",100,2008,31,96,0.322916666666667
"846","NLL",100,2009,45,88,0.511363636363636
"847","NLL",100,2010,47,80,0.5875
"848","OJALL",101,2007,83,132,0.628787878787879
"849","OJALL",101,2008,88,132,0.666666666666667
"850","OJALL",101,2009,61,132,0.462121212121212
"851","OJALL",101,2010,82,132,0.621212121212121
"852","OJALL",101,2011,82,110,0.745454545454545
